epoch,learning_rate,train_loss,train_dice,train_iou,train_precision,train_recall,val_loss,val_dice,val_iou,val_precision,val_recall
1.0,9.990232305719945e-05,1.0090880867762444,0.4242058774473456,0.30047816450028614,0.19019862271015403,0.7980399571477549,1.1486596353983476,0.2623723778322498,0.1755722491652802,0.12082514228399772,0.849203608542159
2.0,9.960967771506666e-05,0.7784112491923519,0.5080132040663725,0.3694054562810383,0.2282900755938681,0.8185390419018775,0.7708870015912137,0.3980948037118831,0.26919707155704126,0.09706139786347202,0.9335864637068563
3.0,9.912321891107009e-05,0.6637018885877397,0.5149186893285344,0.3838422712743172,0.23171476435099492,0.8056233206558019,0.5878763645887375,0.5153806805568755,0.3746785051629796,0.19319905836072684,0.7896403256889476
4.0,9.844486647586723e-05,0.522857512641921,0.560634338205025,0.42512737565342906,0.26876710458213177,0.8080884543689191,0.5109823185761097,0.5151993365540415,0.38508343193480554,0.25275360296445554,0.8218972576706489
5.0,9.757729755661011e-05,0.4422105375327106,0.5876902679412185,0.4543479333521004,0.29370046975830116,0.813710921652847,1.0709516921285855,0.18596312996140651,0.11841957144441634,0.004003356966496462,0.7673560555968465
6.0,9.652393605146844e-05,0.40556944145733476,0.593007887533321,0.4631730854653938,0.30187520297268117,0.8000223329098756,0.4482775549009695,0.5318734338997029,0.39317321672649513,0.15792626389152262,0.8869022171109585
7.0,9.528893909706797e-05,0.34744586161950713,0.6269775792518943,0.4982421458850111,0.330709077692887,0.8251597320970389,0.36959780853683666,0.6234150590992227,0.4908194307885428,0.36564838784807463,0.8278281267504382
8.0,9.387718066217124e-05,0.31252028610016036,0.6631077579102974,0.5308263707024206,0.3557029469367186,0.831021458797671,0.32644451965214843,0.6361183580737132,0.49814804232810406,0.1398134782571209,0.8811851299686194
9.0,9.229423231234974e-05,0.3072465324981345,0.6433997515734416,0.5132505906007739,0.330821177798982,0.8269712670428938,0.36808642138869074,0.5848064754755713,0.4494917942387873,0.40077595393789806,0.7865809628154519
10.0,9.054634122155989e-05,0.25410710744814485,0.7036268503093468,0.5736163287358791,0.35130944630456057,0.8436205599883545,0.5007438027000023,0.41278176966397356,0.28828776399117284,0.05083416305416659,0.9351642220570335
11.0,8.864040551740155e-05,0.2630427577333827,0.6722914858682968,0.5419916955170714,0.2998002205548412,0.8386452989835241,0.29703282514366053,0.6501761570553591,0.5158769098253436,0.3842129221232009,0.8595182583229064
12.0,8.658394705735986e-05,0.26003163826898634,0.681252073822125,0.549521106243115,0.3251967518781356,0.8514045299332812,0.2856743069902315,0.6772666390248764,0.5458875558058658,0.39748498015820455,0.8214786078442097
13.0,8.438508174347008e-05,0.25648774437876976,0.689463529804131,0.5612147198786233,0.3740537523581112,0.8293945296528549,0.2786391634588777,0.6700601250370274,0.5302942346833818,0.4126238944898925,0.8011260420701621
14.0,8.205248749256013e-05,0.234425645102707,0.705683555254487,0.5778811548731968,0.3512753577645571,0.8397537360463957,0.45185031729229425,0.43644637613251,0.3183265356972997,0.06287375660588784,0.9471159628846618
15.0,7.959536998847742e-05,0.21994615986179084,0.7160909102610892,0.5894914655136194,0.35105866310191486,0.8536551451864364,0.2669759097872144,0.6698164675991366,0.526946953233887,0.266088047749374,0.8977674889482468
16.0,7.702342635146032e-05,0.19974919272841424,0.7311043124052203,0.6042706346142818,0.3514094364152225,0.8579413770381988,0.2790179983633807,0.6261254610638546,0.484750525915187,0.3437257341169437,0.8141145547073135
17.0,7.434680686803489e-05,0.18915960552075353,0.7279033808320935,0.5982122601165102,0.4195416091643023,0.8562177607146325,0.27261113968946166,0.6283900140897518,0.4949360750253093,0.6332932437831601,0.7534993637376161
18.0,7.157607493247108e-05,0.20296646823955333,0.7279790050318543,0.599134696318221,0.3479047702233515,0.8510582804408695,0.25917045587389653,0.6573429617418151,0.5298626604349399,0.44569164931247507,0.7972626074408464
19.0,6.872216535789155e-05,0.20465375788700887,0.7230396859062922,0.5926721945750693,0.30192329737488044,0.8520798730643445,0.26568566906755253,0.6529583580248087,0.5330868647252774,0.508365018449547,0.8068346622475414
20.0,6.579634122155988e-05,0.20876854980905724,0.7069838207049914,0.5812891941161525,0.3367233433173183,0.8529889932535523,0.23353751099242245,0.6923957626422456,0.5615374310723174,0.3955310491400892,0.8506705766472442
21.0,6.28101494146603e-05,0.1876493610509345,0.7443778128198353,0.6159176280558523,0.34988770500546906,0.8648163488250189,0.22761742883535513,0.7146626711020436,0.5865887987981477,0.4416898224435897,0.8277786037083501
22.0,5.9775375071993364e-05,0.1729009867243819,0.7587597992828216,0.6329855471130034,0.35674617005599224,0.8653452374853106,0.2420729154531481,0.6816127864555475,0.5599342941012017,0.5815890014026,0.7900642284848205
23.0,5.670399506143306e-05,0.16806516230193913,0.7652515546748201,0.6383999170115295,0.3691627113016854,0.8760800158421288,0.21395786011875687,0.7141394280015826,0.5827367850039016,0.4315477724599551,0.8533889151246122
24.0,5.3608130716701005e-05,0.16884444463544357,0.7578199723686796,0.6332049446051272,0.3492161843553121,0.8724415060644698,0.30221772140239256,0.6241403745600403,0.4902730180077912,0.08295542481149829,0.8843101561544449
25.0,5.049999999999999e-05,0.1544035219678926,0.7849166203718205,0.6621817290286044,0.42311317821619593,0.8716520727086885,0.21434326570923046,0.7192914763702207,0.589043043436073,0.6154581403934163,0.8459226368235521
26.0,4.7391869283298976e-05,0.15948074836876944,0.7680952747951943,0.6437388302668825,0.39371061465428026,0.877124503079283,0.23922751887338395,0.652263639830329,0.5213566018524306,0.3066653871037071,0.8550145414549086
27.0,4.429600493856693e-05,0.16291096831401253,0.7578109747711593,0.6362710040086311,0.3777216231895073,0.8669855469064923,0.21000551652573682,0.7098105281625681,0.583556248637429,0.6555514241411006,0.8247115885197656
28.0,4.122462492800662e-05,0.14611770052454856,0.7883466100862023,0.6698471260499652,0.44744372534851684,0.8796867160338775,0.20361261363378017,0.7118862039062146,0.5826140893030471,0.5110055391238034,0.8516500007857084
29.0,3.8189850585339674e-05,0.13260079176328343,0.798464243703569,0.6785083460688858,0.45767819207561844,0.8863053634375808,0.1976602961530246,0.7096119700193817,0.5840697924160401,0.634650925323373,0.8272045287231241
30.0,3.5203658778440106e-05,0.12328914088459733,0.8072596120981628,0.6923806609285003,0.49419090196932336,0.8990201800094454,0.20820967769013496,0.69445641548397,0.5687968683819717,0.6930420790949061,0.8275069841795278
31.0,3.227783464210844e-05,0.14059866975264576,0.7933596023383555,0.6773320566219012,0.4370173390005445,0.8813867499302663,0.22155872692148817,0.6907241990724325,0.5597376742961802,0.2241651074975864,0.8504840005942457
32.0,2.942392506752889e-05,0.13450533924445224,0.803482149921406,0.688308881021949,0.4044803606797232,0.8974963837827753,0.22138820714080484,0.677516501908222,0.549587179402607,0.4474689589876938,0.8019145598182416
33.0,2.6653193131965075e-05,0.12833289962419125,0.8136384489905857,0.6987922449546535,0.40333865577535355,0.8963204725417704,0.21309992233370195,0.6798443547389156,0.5612124901728858,0.7498923446178852,0.8159501184196684
34.0,2.3976573648539646e-05,0.12422601577505453,0.8170080863157855,0.7033274489732019,0.45276436153514515,0.8987670214574192,0.20359204228872718,0.7010646309499609,0.5764461113900384,0.5659663402043767,0.8421299378292697
35.0,2.1404630011522576e-05,0.11789499789687335,0.8234695917701385,0.7122391978053898,0.5105396801388458,0.9007260252807294,0.21902870679258415,0.6750699666691409,0.5572042549990738,0.5980402059990394,0.8000756689501659
